{
	"carName": "nissan_gt_r_gt3_2018",
	"basicSetup":
	{
		"tyres":
		{
			"tyreCompound": 0,
			"tyrePressure": [ 55, 58, 60, 63 ]
		},
		"alignment":
		{
			"camber": [ 11, 11, 8, 8 ],
			"toe": [ 5, 5, 20, 20 ],
			"staticCamber": [ -2.9252381324768066, -2.9231112003326416, -2.2058918476104736, -2.2032685279846191 ],
			"toeOutLinear": [ -4.3430736695881933e-05, -4.3378531700000167e-05, 0.00023072102339938283, 0.00023072646581567824 ],
			"casterLF": 3,
			"casterRF": 3,
			"steerRatio": 3
		},
		"electronics":
		{
			"tC1": 6,
			"tC2": 0,
			"abs": 4,
			"eCUMap": 0,
			"fuelMix": 0,
			"telemetryLaps": 15
		},
		"strategy":
		{
			"fuel": 18,
			"nPitStops": 0,
			"tyreSet": 2,
			"frontBrakePadCompound": 0,
			"rearBrakePadCompound": 0,
			"pitStrategy": [
				{
					"fuelToAdd": 0,
					"tyres":
					{
						"tyreCompound": 0,
						"tyrePressure": [ 66, 66, 61, 63 ]
					},
					"tyreSet": 2,
					"frontBrakePadCompound": 0,
					"rearBrakePadCompound": 0
				}
			],
			"fuelPerLap": 3.2999999523162842
		}
	},
	"advancedSetup":
	{
		"mechanicalBalance":
		{
			"aRBFront": 5,
			"aRBRear": 3,
			"wheelRate": [ 2, 2, 2, 2 ],
			"bumpStopRateUp": [ 5, 5, 2, 2 ],
			"bumpStopRateDn": [ 0, 0, 10, 10 ],
			"bumpStopWindow": [ 1, 1, 30, 29 ],
			"brakeTorque": 20,
			"brakeBias": 47
		},
		"dampers":
		{
			"bumpSlow": [ 14, 13, 9, 9 ],
			"bumpFast": [ 11, 12, 27, 27 ],
			"reboundSlow": [ 15, 15, 19, 19 ],
			"reboundFast": [ 21, 22, 31, 31 ]
		},
		"aeroBalance":
		{
			"rideHeight": [ 5, 11, 8, 18 ],
			"rodLength": [ 0.028988022357225418, 0.028988022357225418, 2.2256028652191162, 2.2256028652191162 ],
			"splitter": 0,
			"rearWing": 1,
			"brakeDuct": [ 3, 2 ]
		},
		"drivetrain":
		{
			"preload": 10
		}
	}
}